/news                               /category.html?cat=news             200
/news/                              /category.html?cat=news             200
/news/index.html                    /category.html?cat=news             200
/news.html                          /category.html?cat=news             200
/top-stories                        /category.html?cat=top-stories      200
/top-stories/                       /category.html?cat=top-stories      200
/top-stories/index.html             /category.html?cat=top-stories      200
/top-stories.html                   /category.html?cat=top-stories      200
/news/top-stories                   /category.html?cat=top-stories      200
/news/top-stories/                  /category.html?cat=top-stories      200
/news/top-stories/index.html        /category.html?cat=top-stories      200
/news/top-stories.html              /category.html?cat=top-stories      200
/politics                           /category.html?cat=politics         200
/politics/                          /category.html?cat=politics         200
/politics/index.html                /category.html?cat=politics         200
/politics.html                      /category.html?cat=politics         200
/news/politics                      /category.html?cat=politics         200
/news/politics/                     /category.html?cat=politics         200
/news/politics/index.html           /category.html?cat=politics         200
/news/politics.html                 /category.html?cat=politics         200
/economy                            /category.html?cat=economy          200
/economy/                           /category.html?cat=economy          200
/economy/index.html                 /category.html?cat=economy          200
/economy.html                       /category.html?cat=economy          200
/news/economy                       /category.html?cat=economy          200
/news/economy/                      /category.html?cat=economy          200
/news/economy/index.html            /category.html?cat=economy          200
/news/economy.html                  /category.html?cat=economy          200
/business-finance                   /category.html?cat=business-finance 200
/business-finance/                  /category.html?cat=business-finance 200
/business-finance/index.html        /category.html?cat=business-finance 200
/business-finance.html              /category.html?cat=business-finance 200
/markets-economy                    /category.html?cat=markets-economy  200
/markets-economy/                   /category.html?cat=markets-economy  200
/markets-economy/index.html         /category.html?cat=markets-economy  200
/markets-economy.html               /category.html?cat=markets-economy  200
/business-finance/markets-economy   /category.html?cat=markets-economy  200
/business-finance/markets-economy/  /category.html?cat=markets-economy  200
/business-finance/markets-economy/index.html /category.html?cat=markets-economy  200
/business-finance/markets-economy.html /category.html?cat=markets-economy  200
/companies-startups                 /category.html?cat=companies-startups 200
/companies-startups/                /category.html?cat=companies-startups 200
/companies-startups/index.html      /category.html?cat=companies-startups 200
/companies-startups.html            /category.html?cat=companies-startups 200
/business-finance/companies-startups /category.html?cat=companies-startups 200
/business-finance/companies-startups/ /category.html?cat=companies-startups 200
/business-finance/companies-startups/index.html /category.html?cat=companies-startups 200
/business-finance/companies-startups.html /category.html?cat=companies-startups 200
/personal-finance                   /category.html?cat=personal-finance 200
/personal-finance/                  /category.html?cat=personal-finance 200
/personal-finance/index.html        /category.html?cat=personal-finance 200
/personal-finance.html              /category.html?cat=personal-finance 200
/business-finance/personal-finance  /category.html?cat=personal-finance 200
/business-finance/personal-finance/ /category.html?cat=personal-finance 200
/business-finance/personal-finance/index.html /category.html?cat=personal-finance 200
/business-finance/personal-finance.html /category.html?cat=personal-finance 200
/crypto                             /category.html?cat=crypto           200
/crypto/                            /category.html?cat=crypto           200
/crypto/index.html                  /category.html?cat=crypto           200
/crypto.html                        /category.html?cat=crypto           200
/bitcoin-majors                     /category.html?cat=bitcoin-majors   200
/bitcoin-majors/                    /category.html?cat=bitcoin-majors   200
/bitcoin-majors/index.html          /category.html?cat=bitcoin-majors   200
/bitcoin-majors.html                /category.html?cat=bitcoin-majors   200
/crypto/bitcoin-majors              /category.html?cat=bitcoin-majors   200
/crypto/bitcoin-majors/             /category.html?cat=bitcoin-majors   200
/crypto/bitcoin-majors/index.html   /category.html?cat=bitcoin-majors   200
/crypto/bitcoin-majors.html         /category.html?cat=bitcoin-majors   200
/altcoins-web3                      /category.html?cat=altcoins-web3    200
/altcoins-web3/                     /category.html?cat=altcoins-web3    200
/altcoins-web3/index.html           /category.html?cat=altcoins-web3    200
/altcoins-web3.html                 /category.html?cat=altcoins-web3    200
/crypto/altcoins-web3               /category.html?cat=altcoins-web3    200
/crypto/altcoins-web3/              /category.html?cat=altcoins-web3    200
/crypto/altcoins-web3/index.html    /category.html?cat=altcoins-web3    200
/crypto/altcoins-web3.html          /category.html?cat=altcoins-web3    200
/regulation-security                /category.html?cat=regulation-security 200
/regulation-security/               /category.html?cat=regulation-security 200
/regulation-security/index.html     /category.html?cat=regulation-security 200
/regulation-security.html           /category.html?cat=regulation-security 200
/crypto/regulation-security         /category.html?cat=regulation-security 200
/crypto/regulation-security/        /category.html?cat=regulation-security 200
/crypto/regulation-security/index.html /category.html?cat=regulation-security 200
/crypto/regulation-security.html    /category.html?cat=regulation-security 200
/tech-ai                            /category.html?cat=tech-ai          200
/tech-ai/                           /category.html?cat=tech-ai          200
/tech-ai/index.html                 /category.html?cat=tech-ai          200
/tech-ai.html                       /category.html?cat=tech-ai          200
/ai-news                            /category.html?cat=ai-news          200
/ai-news/                           /category.html?cat=ai-news          200
/ai-news/index.html                 /category.html?cat=ai-news          200
/ai-news.html                       /category.html?cat=ai-news          200
/tech-ai/ai-news                    /category.html?cat=ai-news          200
/tech-ai/ai-news/                   /category.html?cat=ai-news          200
/tech-ai/ai-news/index.html         /category.html?cat=ai-news          200
/tech-ai/ai-news.html               /category.html?cat=ai-news          200
/big-tech                           /category.html?cat=big-tech         200
/big-tech/                          /category.html?cat=big-tech         200
/big-tech/index.html                /category.html?cat=big-tech         200
/big-tech.html                      /category.html?cat=big-tech         200
/tech-ai/big-tech                   /category.html?cat=big-tech         200
/tech-ai/big-tech/                  /category.html?cat=big-tech         200
/tech-ai/big-tech/index.html        /category.html?cat=big-tech         200
/tech-ai/big-tech.html              /category.html?cat=big-tech         200
/security-privacy                   /category.html?cat=security-privacy 200
/security-privacy/                  /category.html?cat=security-privacy 200
/security-privacy/index.html        /category.html?cat=security-privacy 200
/security-privacy.html              /category.html?cat=security-privacy 200
/tech-ai/security-privacy           /category.html?cat=security-privacy 200
/tech-ai/security-privacy/          /category.html?cat=security-privacy 200
/tech-ai/security-privacy/index.html /category.html?cat=security-privacy 200
/tech-ai/security-privacy.html      /category.html?cat=security-privacy 200
/internet-platforms                 /category.html?cat=internet-platforms 200
/internet-platforms/                /category.html?cat=internet-platforms 200
/internet-platforms/index.html      /category.html?cat=internet-platforms 200
/internet-platforms.html            /category.html?cat=internet-platforms 200
/tech-ai/internet-platforms         /category.html?cat=internet-platforms 200
/tech-ai/internet-platforms/        /category.html?cat=internet-platforms 200
/tech-ai/internet-platforms/index.html /category.html?cat=internet-platforms 200
/tech-ai/internet-platforms.html    /category.html?cat=internet-platforms 200
/innovation-gadgets                 /category.html?cat=innovation-gadgets 200
/innovation-gadgets/                /category.html?cat=innovation-gadgets 200
/innovation-gadgets/index.html      /category.html?cat=innovation-gadgets 200
/innovation-gadgets.html            /category.html?cat=innovation-gadgets 200
/tech-ai/innovation-gadgets         /category.html?cat=innovation-gadgets 200
/tech-ai/innovation-gadgets/        /category.html?cat=innovation-gadgets 200
/tech-ai/innovation-gadgets/index.html /category.html?cat=innovation-gadgets 200
/tech-ai/innovation-gadgets.html    /category.html?cat=innovation-gadgets 200
/gaming-tech                        /category.html?cat=gaming-tech      200
/gaming-tech/                       /category.html?cat=gaming-tech      200
/gaming-tech/index.html             /category.html?cat=gaming-tech      200
/gaming-tech.html                   /category.html?cat=gaming-tech      200
/tech-ai/gaming-tech                /category.html?cat=gaming-tech      200
/tech-ai/gaming-tech/               /category.html?cat=gaming-tech      200
/tech-ai/gaming-tech/index.html     /category.html?cat=gaming-tech      200
/tech-ai/gaming-tech.html           /category.html?cat=gaming-tech      200
/audio-creator                      /category.html?cat=audio-creator    200
/audio-creator/                     /category.html?cat=audio-creator    200
/audio-creator/index.html           /category.html?cat=audio-creator    200
/audio-creator.html                 /category.html?cat=audio-creator    200
/tech-ai/audio-creator              /category.html?cat=audio-creator    200
/tech-ai/audio-creator/             /category.html?cat=audio-creator    200
/tech-ai/audio-creator/index.html   /category.html?cat=audio-creator    200
/tech-ai/audio-creator.html         /category.html?cat=audio-creator    200
/entertainment                      /category.html?cat=entertainment    200
/entertainment/                     /category.html?cat=entertainment    200
/entertainment/index.html           /category.html?cat=entertainment    200
/entertainment.html                 /category.html?cat=entertainment    200
/movies                             /category.html?cat=movies           200
/movies/                            /category.html?cat=movies           200
/movies/index.html                  /category.html?cat=movies           200
/movies.html                        /category.html?cat=movies           200
/entertainment/movies               /category.html?cat=movies           200
/entertainment/movies/              /category.html?cat=movies           200
/entertainment/movies/index.html    /category.html?cat=movies           200
/entertainment/movies.html          /category.html?cat=movies           200
/tv-streaming                       /category.html?cat=tv-streaming     200
/tv-streaming/                      /category.html?cat=tv-streaming     200
/tv-streaming/index.html            /category.html?cat=tv-streaming     200
/tv-streaming.html                  /category.html?cat=tv-streaming     200
/entertainment/tv-streaming         /category.html?cat=tv-streaming     200
/entertainment/tv-streaming/        /category.html?cat=tv-streaming     200
/entertainment/tv-streaming/index.html /category.html?cat=tv-streaming     200
/entertainment/tv-streaming.html    /category.html?cat=tv-streaming     200
/trailers                           /category.html?cat=trailers         200
/trailers/                          /category.html?cat=trailers         200
/trailers/index.html                /category.html?cat=trailers         200
/trailers.html                      /category.html?cat=trailers         200
/entertainment/trailers             /category.html?cat=trailers         200
/entertainment/trailers/            /category.html?cat=trailers         200
/entertainment/trailers/index.html  /category.html?cat=trailers         200
/entertainment/trailers.html        /category.html?cat=trailers         200
/cinematography                     /category.html?cat=cinematography   200
/cinematography/                    /category.html?cat=cinematography   200
/cinematography/index.html          /category.html?cat=cinematography   200
/cinematography.html                /category.html?cat=cinematography   200
/entertainment/cinematography       /category.html?cat=cinematography   200
/entertainment/cinematography/      /category.html?cat=cinematography   200
/entertainment/cinematography/index.html /category.html?cat=cinematography   200
/entertainment/cinematography.html  /category.html?cat=cinematography   200
/history-essays                     /category.html?cat=history-essays   200
/history-essays/                    /category.html?cat=history-essays   200
/history-essays/index.html          /category.html?cat=history-essays   200
/history-essays.html                /category.html?cat=history-essays   200
/entertainment/history-essays       /category.html?cat=history-essays   200
/entertainment/history-essays/      /category.html?cat=history-essays   200
/entertainment/history-essays/index.html /category.html?cat=history-essays   200
/entertainment/history-essays.html  /category.html?cat=history-essays   200
/lifestyle                          /category.html?cat=lifestyle        200
/lifestyle/                         /category.html?cat=lifestyle        200
/lifestyle/index.html               /category.html?cat=lifestyle        200
/lifestyle.html                     /category.html?cat=lifestyle        200
/health                             /category.html?cat=health           200
/health/                            /category.html?cat=health           200
/health/index.html                  /category.html?cat=health           200
/health.html                        /category.html?cat=health           200
/lifestyle/health                   /category.html?cat=health           200
/lifestyle/health/                  /category.html?cat=health           200
/lifestyle/health/index.html        /category.html?cat=health           200
/lifestyle/health.html              /category.html?cat=health           200
/beauty-style                       /category.html?cat=beauty-style     200
/beauty-style/                      /category.html?cat=beauty-style     200
/beauty-style/index.html            /category.html?cat=beauty-style     200
/beauty-style.html                  /category.html?cat=beauty-style     200
/lifestyle/beauty-style             /category.html?cat=beauty-style     200
/lifestyle/beauty-style/            /category.html?cat=beauty-style     200
/lifestyle/beauty-style/index.html  /category.html?cat=beauty-style     200
/lifestyle/beauty-style.html        /category.html?cat=beauty-style     200
/home-design                        /category.html?cat=home-design      200
/home-design/                       /category.html?cat=home-design      200
/home-design/index.html             /category.html?cat=home-design      200
/home-design.html                   /category.html?cat=home-design      200
/lifestyle/home-design              /category.html?cat=home-design      200
/lifestyle/home-design/             /category.html?cat=home-design      200
/lifestyle/home-design/index.html   /category.html?cat=home-design      200
/lifestyle/home-design.html         /category.html?cat=home-design      200
/inspiration                        /category.html?cat=inspiration      200
/inspiration/                       /category.html?cat=inspiration      200
/inspiration/index.html             /category.html?cat=inspiration      200
/inspiration.html                   /category.html?cat=inspiration      200
/lifestyle/inspiration              /category.html?cat=inspiration      200
/lifestyle/inspiration/             /category.html?cat=inspiration      200
/lifestyle/inspiration/index.html   /category.html?cat=inspiration      200
/lifestyle/inspiration.html         /category.html?cat=inspiration      200
/outdoor                            /category.html?cat=outdoor          200
/outdoor/                           /category.html?cat=outdoor          200
/outdoor/index.html                 /category.html?cat=outdoor          200
/outdoor.html                       /category.html?cat=outdoor          200
/lifestyle/outdoor                  /category.html?cat=outdoor          200
/lifestyle/outdoor/                 /category.html?cat=outdoor          200
/lifestyle/outdoor/index.html       /category.html?cat=outdoor          200
/lifestyle/outdoor.html             /category.html?cat=outdoor          200
/food-drink                         /category.html?cat=food-drink       200
/food-drink/                        /category.html?cat=food-drink       200
/food-drink/index.html              /category.html?cat=food-drink       200
/food-drink.html                    /category.html?cat=food-drink       200
/food                               /category.html?cat=food             200
/food/                              /category.html?cat=food             200
/food/index.html                    /category.html?cat=food             200
/food.html                          /category.html?cat=food             200
/food-drink/food                    /category.html?cat=food             200
/food-drink/food/                   /category.html?cat=food             200
/food-drink/food/index.html         /category.html?cat=food             200
/food-drink/food.html               /category.html?cat=food             200
/drink                              /category.html?cat=drink            200
/drink/                             /category.html?cat=drink            200
/drink/index.html                   /category.html?cat=drink            200
/drink.html                         /category.html?cat=drink            200
/food-drink/drink                   /category.html?cat=drink            200
/food-drink/drink/                  /category.html?cat=drink            200
/food-drink/drink/index.html        /category.html?cat=drink            200
/food-drink/drink.html              /category.html?cat=drink            200
/travel                             /category.html?cat=travel           200
/travel/                            /category.html?cat=travel           200
/travel/index.html                  /category.html?cat=travel           200
/travel.html                        /category.html?cat=travel           200
/trip-ideas                         /category.html?cat=trip-ideas       200
/trip-ideas/                        /category.html?cat=trip-ideas       200
/trip-ideas/index.html              /category.html?cat=trip-ideas       200
/trip-ideas.html                    /category.html?cat=trip-ideas       200
/travel/trip-ideas                  /category.html?cat=trip-ideas       200
/travel/trip-ideas/                 /category.html?cat=trip-ideas       200
/travel/trip-ideas/index.html       /category.html?cat=trip-ideas       200
/travel/trip-ideas.html             /category.html?cat=trip-ideas       200
/destinations                       /category.html?cat=destinations     200
/destinations/                      /category.html?cat=destinations     200
/destinations/index.html            /category.html?cat=destinations     200
/destinations.html                  /category.html?cat=destinations     200
/travel/destinations                /category.html?cat=destinations     200
/travel/destinations/               /category.html?cat=destinations     200
/travel/destinations/index.html     /category.html?cat=destinations     200
/travel/destinations.html           /category.html?cat=destinations     200
/tips-planning                      /category.html?cat=tips-planning    200
/tips-planning/                     /category.html?cat=tips-planning    200
/tips-planning/index.html           /category.html?cat=tips-planning    200
/tips-planning.html                 /category.html?cat=tips-planning    200
/travel/tips-planning               /category.html?cat=tips-planning    200
/travel/tips-planning/              /category.html?cat=tips-planning    200
/travel/tips-planning/index.html    /category.html?cat=tips-planning    200
/travel/tips-planning.html          /category.html?cat=tips-planning    200
/stays-hotels                       /category.html?cat=stays-hotels     200
/stays-hotels/                      /category.html?cat=stays-hotels     200
/stays-hotels/index.html            /category.html?cat=stays-hotels     200
/stays-hotels.html                  /category.html?cat=stays-hotels     200
/travel/stays-hotels                /category.html?cat=stays-hotels     200
/travel/stays-hotels/               /category.html?cat=stays-hotels     200
/travel/stays-hotels/index.html     /category.html?cat=stays-hotels     200
/travel/stays-hotels.html           /category.html?cat=stays-hotels     200
/experiences                        /category.html?cat=experiences      200
/experiences/                       /category.html?cat=experiences      200
/experiences/index.html             /category.html?cat=experiences      200
/experiences.html                   /category.html?cat=experiences      200
/travel/experiences                 /category.html?cat=experiences      200
/travel/experiences/                /category.html?cat=experiences      200
/travel/experiences/index.html      /category.html?cat=experiences      200
/travel/experiences.html            /category.html?cat=experiences      200
/transport                          /category.html?cat=transport        200
/transport/                         /category.html?cat=transport        200
/transport/index.html               /category.html?cat=transport        200
/transport.html                     /category.html?cat=transport        200
/travel/transport                   /category.html?cat=transport        200
/travel/transport/                  /category.html?cat=transport        200
/travel/transport/index.html        /category.html?cat=transport        200
/travel/transport.html              /category.html?cat=transport        200
/things-to-do                       /category.html?cat=things-to-do     200
/things-to-do/                      /category.html?cat=things-to-do     200
/things-to-do/index.html            /category.html?cat=things-to-do     200
/things-to-do.html                  /category.html?cat=things-to-do     200
/travel/things-to-do                /category.html?cat=things-to-do     200
/travel/things-to-do/               /category.html?cat=things-to-do     200
/travel/things-to-do/index.html     /category.html?cat=things-to-do     200
/travel/things-to-do.html           /category.html?cat=things-to-do     200
/culture-arts                       /category.html?cat=culture-arts     200
/culture-arts/                      /category.html?cat=culture-arts     200
/culture-arts/index.html            /category.html?cat=culture-arts     200
/culture-arts.html                  /category.html?cat=culture-arts     200
/culture                            /category.html?cat=culture          200
/culture/                           /category.html?cat=culture          200
/culture/index.html                 /category.html?cat=culture          200
/culture.html                       /category.html?cat=culture          200
/culture-arts/culture               /category.html?cat=culture          200
/culture-arts/culture/              /category.html?cat=culture          200
/culture-arts/culture/index.html    /category.html?cat=culture          200
/culture-arts/culture.html          /category.html?cat=culture          200
/arts                               /category.html?cat=arts             200
/arts/                              /category.html?cat=arts             200
/arts/index.html                    /category.html?cat=arts             200
/arts.html                          /category.html?cat=arts             200
/culture-arts/arts                  /category.html?cat=arts             200
/culture-arts/arts/                 /category.html?cat=arts             200
/culture-arts/arts/index.html       /category.html?cat=arts             200
/culture-arts/arts.html             /category.html?cat=arts             200
/history                            /category.html?cat=history          200
/history/                           /category.html?cat=history          200
/history/index.html                 /category.html?cat=history          200
/history.html                       /category.html?cat=history          200
/culture-arts/history               /category.html?cat=history          200
/culture-arts/history/              /category.html?cat=history          200
/culture-arts/history/index.html    /category.html?cat=history          200
/culture-arts/history.html          /category.html?cat=history          200
/columns-essays                     /category.html?cat=columns-essays   200
/columns-essays/                    /category.html?cat=columns-essays   200
/columns-essays/index.html          /category.html?cat=columns-essays   200
/columns-essays.html                /category.html?cat=columns-essays   200
/culture-arts/columns-essays        /category.html?cat=columns-essays   200
/culture-arts/columns-essays/       /category.html?cat=columns-essays   200
/culture-arts/columns-essays/index.html /category.html?cat=columns-essays   200
/culture-arts/columns-essays.html   /category.html?cat=columns-essays   200
/shopping                           /category.html?cat=shopping         200
/shopping/                          /category.html?cat=shopping         200
/shopping/index.html                /category.html?cat=shopping         200
/shopping.html                      /category.html?cat=shopping         200
/tech-deals                         /category.html?cat=tech-deals       200
/tech-deals/                        /category.html?cat=tech-deals       200
/tech-deals/index.html              /category.html?cat=tech-deals       200
/tech-deals.html                    /category.html?cat=tech-deals       200
/shopping/tech-deals                /category.html?cat=tech-deals       200
/shopping/tech-deals/               /category.html?cat=tech-deals       200
/shopping/tech-deals/index.html     /category.html?cat=tech-deals       200
/shopping/tech-deals.html           /category.html?cat=tech-deals       200
/subscriptions                      /category.html?cat=subscriptions    200
/subscriptions/                     /category.html?cat=subscriptions    200
/subscriptions/index.html           /category.html?cat=subscriptions    200
/subscriptions.html                 /category.html?cat=subscriptions    200
/shopping/subscriptions             /category.html?cat=subscriptions    200
/shopping/subscriptions/            /category.html?cat=subscriptions    200
/shopping/subscriptions/index.html  /category.html?cat=subscriptions    200
/shopping/subscriptions.html        /category.html?cat=subscriptions    200
/travel-deals                       /category.html?cat=travel-deals     200
/travel-deals/                      /category.html?cat=travel-deals     200
/travel-deals/index.html            /category.html?cat=travel-deals     200
/travel-deals.html                  /category.html?cat=travel-deals     200
/shopping/travel-deals              /category.html?cat=travel-deals     200
/shopping/travel-deals/             /category.html?cat=travel-deals     200
/shopping/travel-deals/index.html   /category.html?cat=travel-deals     200
/shopping/travel-deals.html         /category.html?cat=travel-deals     200
/vpn-security                       /category.html?cat=vpn-security     200
/vpn-security/                      /category.html?cat=vpn-security     200
/vpn-security/index.html            /category.html?cat=vpn-security     200
/vpn-security.html                  /category.html?cat=vpn-security     200
/shopping/vpn-security              /category.html?cat=vpn-security     200
/shopping/vpn-security/             /category.html?cat=vpn-security     200
/shopping/vpn-security/index.html   /category.html?cat=vpn-security     200
/shopping/vpn-security.html         /category.html?cat=vpn-security     200
/marketplaces                       /category.html?cat=marketplaces     200
/marketplaces/                      /category.html?cat=marketplaces     200
/marketplaces/index.html            /category.html?cat=marketplaces     200
/marketplaces.html                  /category.html?cat=marketplaces     200
/shopping/marketplaces              /category.html?cat=marketplaces     200
/shopping/marketplaces/             /category.html?cat=marketplaces     200
/shopping/marketplaces/index.html   /category.html?cat=marketplaces     200
/shopping/marketplaces.html         /category.html?cat=marketplaces     200
/multi-merchant                     /category.html?cat=multi-merchant   200
/multi-merchant/                    /category.html?cat=multi-merchant   200
/multi-merchant/index.html          /category.html?cat=multi-merchant   200
/multi-merchant.html                /category.html?cat=multi-merchant   200
/shopping/multi-merchant            /category.html?cat=multi-merchant   200
/shopping/multi-merchant/           /category.html?cat=multi-merchant   200
/shopping/multi-merchant/index.html /category.html?cat=multi-merchant   200
/shopping/multi-merchant.html       /category.html?cat=multi-merchant   200
/guides                             /category.html?cat=guides           200
/guides/                            /category.html?cat=guides           200
/guides/index.html                  /category.html?cat=guides           200
/guides.html                        /category.html?cat=guides           200
/crypto/guides                      /category.html?cat=guides           200
/crypto/guides/                     /category.html?cat=guides           200
/crypto/guides/index.html           /category.html?cat=guides           200
/crypto/guides.html                 /category.html?cat=guides           200
/food-drink/guides                  /category.html?cat=guides           200
/food-drink/guides/                 /category.html?cat=guides           200
/food-drink/guides/index.html       /category.html?cat=guides           200
/food-drink/guides.html             /category.html?cat=guides           200
